driverId;driverRef;code;forename;surname
1;hamilton;HAM;Lewis;Hamilton
2;heidfeld;HEI;Nick;Heidfeld
3;rosberg;ROS;Nico;Rosberg
4;alonso;ALO;Fernando;Alonso
5;kovalainen;KOV;Heikki;Kovalainen
6;nakajima;NAK;Kazuki;Nakajima
7;bourdais;BOU;Sébastien;Bourdais
8;raikkonen;RAI;Kimi;Räikkönen
9;kubica;KUB;Robert;Kubica
10;glock;GLO;Timo;Glock
11;sato;SAT;Takuma;Sato
12;piquet_jr;PIQ;Nelson;Piquet Jr.
13;massa;MAS;Felipe;Massa
14;coulthard;COU;David;Coulthard
15;trulli;TRU;Jarno;Trulli
16;sutil;SUT;Adrian;Sutil
17;webber;WEB;Mark;Webber
18;button;BUT;Jenson;Button
19;davidson;DAV;Anthony;Davidson
20;vettel;VET;Sebastian;Vettel
21;fisichella;FIS;Giancarlo;Fisichella
22;barrichello;BAR;Rubens;Barrichello
23;ralf_schumacher;SCH;Ralf;Schumacher
24;liuzzi;LIU;Vitantonio;Liuzzi
25;wurz;WUR;Alexander;Wurz
26;speed;SPE;Scott;Speed
27;albers;ALB;Christijan;Albers
28;markus_winkelhock;WIN;Markus;Winkelhock
29;yamamoto;YAM;Sakon;Yamamoto
30;michael_schumacher;MSC;Michael;Schumacher
31;montoya;MON;Juan;Pablo Montoya
32;klien;KLI;Christian;Klien
33;monteiro;TMO;Tiago;Monteiro
34;ide;IDE;Yuji;Ide
35;villeneuve;VIL;Jacques;Villeneuve
36;montagny;FMO;Franck;Montagny
37;rosa;DLR;Pedro;de la Rosa
38;doornbos;DOO;Robert;Doornbos
39;karthikeyan;KAR;Narain;Karthikeyan
40;friesacher;FRI;Patrick;Friesacher
41;zonta;ZON;Ricardo;Zonta
42;pizzonia;PIZ;Antônio;Pizzonia
43;matta;\N;Cristiano;da Matta
44;panis;\N;Olivier;Panis
45;pantano;\N;Giorgio;Pantano
46;bruni;\N;Gianmaria;Bruni
47;baumgartner;\N;Zsolt;Baumgartner
48;gene;\N;Marc;Gené
49;frentzen;\N;Heinz-Harald;Frentzen
50;verstappen;\N;Jos;Verstappen
51;wilson;\N;Justin;Wilson
52;firman;\N;Ralph;Firman
53;kiesa;\N;Nicolas;Kiesa
54;burti;\N;Luciano;Burti
55;alesi;\N;Jean;Alesi
56;irvine;\N;Eddie;Irvine
57;hakkinen;\N;Mika;Häkkinen
58;marques;\N;Tarso;Marques
59;bernoldi;\N;Enrique;Bernoldi
60;mazzacane;\N;Gastón;Mazzacane
61;enge;\N;Tomáš;Enge
62;yoong;\N;Alex;Yoong
63;salo;\N;Mika;Salo
64;diniz;\N;Pedro;Diniz
65;herbert;\N;Johnny;Herbert
66;mcnish;\N;Allan;McNish
67;buemi;BUE;Sébastien;Buemi
68;takagi;\N;Toranosuke;Takagi
69;badoer;BAD;Luca;Badoer
70;zanardi;\N;Alessandro;Zanardi
71;damon_hill;\N;Damon;Hill
72;sarrazin;\N;Stéphane;Sarrazin
73;rosset;\N;Ricardo;Rosset
74;tuero;\N;Esteban;Tuero
75;nakano;\N;Shinji;Nakano
76;magnussen;MAG;Jan;Magnussen
77;berger;\N;Gerhard;Berger
78;larini;\N;Nicola;Larini
79;katayama;\N;Ukyo;Katayama
80;sospiri;\N;Vincenzo;Sospiri
81;morbidelli;\N;Gianni;Morbidelli
82;fontana;\N;Norberto;Fontana
83;lamy;\N;Pedro;Lamy
84;brundle;\N;Martin;Brundle
85;montermini;\N;Andrea;Montermini
86;lavaggi;\N;Giovanni;Lavaggi
87;blundell;\N;Mark;Blundell
88;suzuki;\N;Aguri;Suzuki
89;inoue;\N;Taki;Inoue
90;moreno;\N;Roberto;Moreno
91;wendlinger;\N;Karl;Wendlinger
92;gachot;\N;Bertrand;Gachot
93;schiattarella;\N;Domenico;Schiattarella
94;martini;\N;Pierluigi;Martini
95;mansell;\N;Nigel;Mansell
96;boullion;\N;Jean-Christophe;Boullion
97;papis;\N;Massimiliano;Papis
98;deletraz;\N;Jean-Denis;Délétraz
99;tarquini;\N;Gabriele;Tarquini
100;comas;\N;Érik;Comas
101;brabham;\N;David;Brabham
102;senna;\N;Ayrton;Senna
103;bernard;\N;Éric;Bernard
104;fittipaldi;\N;Christian;Fittipaldi
105;alboreto;\N;Michele;Alboreto
106;beretta;\N;Olivier;Beretta
107;ratzenberger;\N;Roland;Ratzenberger
108;belmondo;\N;Paul;Belmondo
109;lehto;\N;Jyrki;Järvilehto
110;cesaris;\N;Andrea;de Cesaris
111;gounon;\N;Jean-Marc;Gounon
112;alliot;\N;Philippe;Alliot
113;adams;\N;Philippe;Adams
114;dalmas;\N;Yannick;Dalmas
115;noda;\N;Hideki;Noda
116;lagorce;\N;Franck;Lagorce
117;prost;\N;Alain;Prost
118;warwick;\N;Derek;Warwick
119;patrese;\N;Riccardo;Patrese
120;barbazza;\N;Fabrizio;Barbazza
121;andretti;\N;Michael;Andretti
122;capelli;\N;Ivan;Capelli
123;boutsen;\N;Thierry;Boutsen
124;apicella;\N;Marco;Apicella
125;naspetti;\N;Emanuele;Naspetti
126;toshio_suzuki;\N;Toshio;Suzuki
127;gugelmin;\N;Maurício;Gugelmin
128;poele;\N;Eric;van de Poele
129;grouillard;\N;Olivier;Grouillard
130;chiesa;\N;Andrea;Chiesa
131;modena;\N;Stefano;Modena
132;amati;\N;Giovanna;Amati
133;caffi;\N;Alex;Caffi
134;bertaggia;\N;Enrico;Bertaggia
135;mccarthy;\N;Perry;McCarthy
136;lammers;\N;Jan;Lammers
137;piquet;\N;Nelson;Piquet
138;satoru_nakajima;\N;Satoru;Nakajima
139;pirro;\N;Emanuele;Pirro
140;johansson;\N;Stefan;Johansson
141;bailey;\N;Julian;Bailey
142;chaves;\N;Pedro;Chaves
143;bartels;\N;Michael;Bartels
144;hattori;\N;Naoki;Hattori
145;nannini;\N;Alessandro;Nannini
146;schneider;\N;Bernd;Schneider
147;barilla;\N;Paolo;Barilla
148;foitek;\N;Gregor;Foitek
149;langes;\N;Claudio;Langes
150;gary_brabham;\N;Gary;Brabham
151;donnelly;\N;Martin;Donnelly
152;giacomelli;\N;Bruno;Giacomelli
153;alguersuari;ALG;Jaime;Alguersuari
154;grosjean;GRO;Romain;Grosjean
155;kobayashi;KOB;Kamui;Kobayashi
156;palmer;\N;Jonathan;Palmer
157;danner;\N;Christian;Danner
158;cheever;\N;Eddie;Cheever
159;sala;\N;Luis;Pérez-Sala
160;ghinzani;\N;Piercarlo;Ghinzani
161;weidler;\N;Volker;Weidler
162;raphanel;\N;Pierre-Henri;Raphanel
163;arnoux;\N;René;Arnoux
164;joachim_winkelhock;\N;Joachim;Winkelhock
165;larrauri;\N;Oscar;Larrauri
166;streiff;\N;Philippe;Streiff
167;campos;\N;Adrián;Campos
168;schlesser;\N;Jean-Louis;Schlesser
169;fabre;\N;Pascal;Fabre
170;fabi;\N;Teo;Fabi
171;forini;\N;Franco;Forini
172;laffite;\N;Jacques;Laffite
173;angelis;\N;Elio;de Angelis
174;dumfries;\N;Johnny;Dumfries
175;tambay;\N;Patrick;Tambay
176;surer;\N;Marc;Surer
177;keke_rosberg;\N;Keke;Rosberg
178;jones;\N;Alan;Jones
179;rothengatter;\N;Huub;Rothengatter
180;berg;\N;Allen;Berg
181;manfred_winkelhock;\N;Manfred;Winkelhock
182;lauda;\N;Niki;Lauda
183;hesnault;\N;François;Hesnault
184;baldi;\N;Mauro;Baldi
185;bellof;\N;Stefan;Bellof
186;acheson;\N;Kenny;Acheson
187;watson;\N;John;Watson
188;cecotto;\N;Johnny;Cecotto
189;gartner;\N;Jo;Gartner
190;corrado_fabi;\N;Corrado;Fabi
191;thackwell;\N;Mike;Thackwell
192;serra;\N;Chico;Serra
193;sullivan;\N;Danny;Sullivan
194;salazar;\N;Eliseo;Salazar
195;guerrero;\N;Roberto;Guerrero
196;boesel;\N;Raul;Boesel
197;jarier;\N;Jean-Pierre;Jarier
198;villeneuve_sr;\N;Jacques;Villeneuve Sr.
199;reutemann;\N;Carlos;Reutemann
200;mass;\N;Jochen;Mass
201;borgudd;\N;Slim;Borgudd
202;pironi;\N;Didier;Pironi
203;gilles_villeneuve;\N;Gilles;Villeneuve
204;paletti;\N;Riccardo;Paletti
205;henton;\N;Brian;Henton
206;daly;\N;Derek;Daly
207;mario_andretti;\N;Mario;Andretti
208;villota;\N;Emilio;de Villota
209;lees;\N;Geoff;Lees
210;byrne;\N;Tommy;Byrne
211;keegan;\N;Rupert;Keegan
212;rebaque;\N;Hector;Rebaque
213;gabbiani;\N;Beppe;Gabbiani
214;cogan;\N;Kevin;Cogan
215;guerra;\N;Miguel Ángel;Guerra
216;stohr;\N;Siegfried;Stohr
217;zunino;\N;Ricardo;Zunino
218;londono;\N;Ricardo;Londoño
219;jabouille;\N;Jean-Pierre;Jabouille
220;francia;\N;Giorgio;Francia
221;depailler;\N;Patrick;Depailler
222;scheckter;\N;Jody;Scheckter
223;regazzoni;\N;Clay;Regazzoni
224;emerson_fittipaldi;\N;Emerson;Fittipaldi
225;kennedy;\N;Dave;Kennedy
226;south;\N;Stephen;South
227;needell;\N;Tiff;Needell
228;desire_wilson;\N;Desiré;Wilson
229;ertl;\N;Harald;Ertl
230;brambilla;\N;Vittorio;Brambilla
231;hunt;\N;James;Hunt
232;merzario;\N;Arturo;Merzario
233;stuck;\N;Hans-Joachim;Stuck
234;brancatelli;\N;Gianfranco;Brancatelli
235;ickx;\N;Jacky;Ickx
236;gaillard;\N;Patrick;Gaillard
237;ribeiro;\N;Alex;Ribeiro
238;peterson;\N;Ronnie;Peterson
239;lunger;\N;Brett;Lunger
240;ongais;\N;Danny;Ongais
241;leoni;\N;Lamberto;Leoni
242;galica;\N;Divina;Galica
243;stommelen;\N;Rolf;Stommelen
244;colombo;\N;Alberto;Colombo
245;trimmer;\N;Tony;Trimmer
246;binder;\N;Hans;Binder
247;bleekemolen;\N;Michael;Bleekemolen
248;gimax;\N;Carlo;Franchi
249;rahal;\N;Bobby;Rahal
250;pace;\N;Carlos;Pace
251;ian_scheckter;\N;Ian;Scheckter
252;pryce;\N;Tom;Pryce
253;hoffmann;\N;Ingo;Hoffmann
254;zorzi;\N;Renzo;Zorzi
255;nilsson;\N;Gunnar;Nilsson
256;perkins;\N;Larry;Perkins
257;hayje;\N;Boy;Lunger
258;neve;\N;Patrick;Nève
259;purley;\N;David;Purley
260;andersson;\N;Conny;Andersson
261;dryver;\N;Bernard;de Dryver
262;oliver;\N;Jackie;Oliver
263;kozarowitzky;\N;Mikko;Kozarowitzky
264;sutcliffe;\N;Andy;Sutcliffe
265;edwards;\N;Guy;Edwards
266;mcguire;\N;Brian;McGuire
267;schuppan;\N;Vern;Schuppan
268;heyer;\N;Hans;Heyer
269;pilette;\N;Teddy;Pilette
270;ashley;\N;Ian;Ashley
271;kessel;\N;Loris;Kessel
272;takahashi;\N;Kunimitsu;Takahashi
273;hoshino;\N;Kazuyoshi;Hoshino
274;takahara;\N;Noritake;Takahara
275;lombardi;\N;Lella;Lombardi
276;evans;\N;Bob;Evans
277;leclere;\N;Michel;Leclère
278;amon;\N;Chris;Amon
279;zapico;\N;Emilio;Zapico
280;pescarolo;\N;Henri;Pescarolo
281;nelleman;\N;Jac;Nelleman
282;magee;\N;Damien;Magee
283;wilds;\N;Mike;Wilds
284;pesenti_rossi;\N;Alessandro;Pesenti-Rossi
285;stuppacher;\N;Otto;Stuppacher
286;brown;\N;Warwick;Brown
287;hasemi;\N;Masahiro;Hasemi
288;donohue;\N;Mark;Donohue
289;hill;\N;Graham;Hill
290;wilson_fittipaldi;\N;Wilson;Fittipaldi
291;tunmer;\N;Guy;Tunmer
292;keizan;\N;Eddie;Keizan
293;charlton;\N;Dave;Charlton
294;brise;\N;Tony;Brise
295;wunderink;\N;Roelof;Wunderink
296;migault;\N;François;Migault
297;palm;\N;Torsten;Palm
298;lennep;\N;Gijs;van Lennep
299;fushida;\N;Hiroshi;Fushida
300;nicholson;\N;John;Nicholson
301;morgan;\N;Dave;Morgan
302;crawford;\N;Jim;Crawford
303;vonlanthen;\N;Jo;Vonlanthen
304;hulme;\N;Denny;Hulme
305;hailwood;\N;Mike;Hailwood
306;beltoise;\N;Jean-Pierre;Beltoise
307;ganley;\N;Howden;Ganley
308;robarts;\N;Richard;Robarts
309;revson;\N;Peter;Revson
310;driver;\N;Paddy;Driver
311;belso;\N;Tom;Belsø
312;redman;\N;Brian;Redman
313;opel;\N;Rikky;von Opel
314;schenken;\N;Tim;Schenken
315;larrousse;\N;Gérard;Larrousse
316;kinnunen;\N;Leo;Kinnunen
317;wisell;\N;Reine;Wisell
318;roos;\N;Bertil;Roos
319;dolhem;\N;José;Dolhem
320;gethin;\N;Peter;Gethin
321;bell;\N;Derek;Bell
322;hobbs;\N;David;Hobbs
323;quester;\N;Dieter;Quester
324;koinigg;\N;Helmuth;Koinigg
325;facetti;\N;Carlo;Facetti
326;wietzes;\N;Eppie;Wietzes
327;cevert;\N;François;Cevert
328;stewart;\N;Jackie;Stewart
329;beuttler;\N;Mike;Beuttler
330;galli;\N;Nanni;Galli
331;bueno;\N;Luiz;Bueno
332;follmer;\N;George;Follmer
333;adamich;\N;Andrea;de Adamich
334;pretorius;\N;Jackie;Pretorius
335;williamson;\N;Roger;Williamson
336;mcrae;\N;Graham;McRae
337;marko;\N;Helmut;Marko
338;walker;\N;David;Walker
339;roig;\N;Alex;Soler-Roig
340;love;\N;John;Love
341;surtees;\N;John;Surtees
342;barber;\N;Skip;Barber
343;brack;\N;Bill;Brack
344;posey;\N;Sam;Posey
345;rodriguez;\N;Pedro;Rodríguez
346;siffert;\N;Jo;Siffert
347;bonnier;\N;Jo;Bonnier
348;mazet;\N;François;Mazet
349;jean;\N;Max;Jean
350;elford;\N;Vic;Elford
351;moser;\N;Silvio;Moser
352;eaton;\N;George;Eaton
353;lovely;\N;Pete;Lovely
354;craft;\N;Chris;Craft
355;Cannoc;\N;John;Cannon
356;jack_brabham;\N;Jack;Brabham
357;miles;\N;John;Miles
358;rindt;\N;Jochen;Rindt
359;gavin;\N;Johnny;Servoz-Gavin
360;mclaren;\N;Bruce;McLaren
361;courage;\N;Piers;Courage
362;klerk;\N;Peter;de Klerk
363;giunti;\N;Ignazio;Giunti
364;gurney;\N;Dan;Gurney
365;hahne;\N;Hubert;Hahne
366;hutchison;\N;Gus;Hutchison
367;westbury;\N;Peter;Westbury
368;tingle;\N;Sam;Tingle
369;rooyen;\N;Basil;van Rooyen
370;attwood;\N;Richard;Attwood
371;pease;\N;Al;Pease
372;cordts;\N;John;Cordts
373;clark;\N;Jim;Clark
374;spence;\N;Mike;Spence
375;scarfiotti;\N;Ludovico;Scarfiotti
376;bianchi;BIA;Lucien;Bianchi
377;jo_schlesser;\N;Jo;Schlesser
378;widdows;\N;Robin;Widdows
379;ahrens;\N;Kurt;Ahrens
380;gardner;\N;Frank;Gardner
381;unser;\N;Bobby;Unser
382;solana;\N;Moisés;Solana
383;anderson;\N;Bob;Anderson
384;botha;\N;Luki;Botha
385;bandini;\N;Lorenzo;Bandini
386;ginther;\N;Richie;Ginther
387;parkes;\N;Mike;Parkes
388;irwin;\N;Chris;Irwin
389;ligier;\N;Guy;Ligier
390;rees;\N;Alan;Rees
391;hart;\N;Brian;Hart
392;fisher;\N;Mike;Fisher
393;tom_jones;\N;Tom;Jones
394;baghetti;\N;Giancarlo;Baghetti
395;williams;\N;Jonathan;Williams
396;bondurant;\N;Bob;Bondurant
397;arundell;\N;Peter;Arundell
398;vic_wilson;\N;Vic;Wilson
399;taylor;\N;John;Taylor
400;lawrence;\N;Chris;Lawrence
401;trevor_taylor;\N;Trevor;Taylor
402;geki;\N;Giacomo;Russo
403;phil_hill;\N;Phil;Hill
404;ireland;\N;Innes;Ireland
405;bucknum;\N;Ronnie;Bucknum
406;hawkins;\N;Paul;Hawkins
407;prophet;\N;David;Prophet
408;maggs;\N;Tony;Maggs
409;blokdyk;\N;Trevor;Blokdyk
410;lederle;\N;Neville;Lederle
411;serrurier;\N;Doug;Serrurier
412;niemann;\N;Brausch;Niemann
413;pieterse;\N;Ernie;Pieterse
414;puzey;\N;Clive;Puzey
415;reed;\N;Ray;Reed
416;clapham;\N;David;Clapham
417;blignaut;\N;Alex;Blignaut
418;gregory;\N;Masten;Gregory
419;rhodes;\N;John;Rhodes
420;raby;\N;Ian;Raby
421;rollinson;\N;Alan;Rollinson
422;gubby;\N;Brian;Gubby
423;mitter;\N;Gerhard;Mitter
424;bussinello;\N;Roberto;Bussinello
425;vaccarella;\N;Nino;Vaccarella
426;bassi;\N;Giorgio;Bassi
427;trintignant;\N;Maurice;Trintignant
428;collomb;\N;Bernard;Collomb
429;andre_pilette;\N;André;Pilette
430;beaufort;\N;Carel Godin;de Beaufort
431;barth;\N;Edgar;Barth
432;cabral;\N;Mário de Araújo;Cabral
433;hansgen;\N;Walt;Hansgen
434;sharp;\N;Hap;Sharp
435;mairesse;\N;Willy;Mairesse
436;campbell-jones;\N;John;Campbell-Jones
437;burgess;\N;Ian;Burgess
438;settember;\N;Tony;Settember
439;estefano;\N;Nasif;Estéfano
440;hall;\N;Jim;Hall
441;parnell;\N;Tim;Parnell
442;kuhnke;\N;Kurt;Kuhnke
443;ernesto_brambilla;\N;Ernesto;Brambilla
444;lippi;\N;Roberto;Lippi
445;seiffert;\N;Günther;Seiffert
446;abate;\N;Carlo;Abate
447;starrabba;\N;Gaetano;Starrabba
448;broeker;\N;Peter;Broeker
449;ward;\N;Rodger;Ward
450;vos;\N;Ernie;de Vos
451;dochnal;\N;Frank;Dochnal
452;monarch;\N;Thomas;Monarch
842;gasly;GAS;Pierre;Gasly
453;lewis;\N;Jackie;Lewis
454;ricardo_rodriguez;\N;Ricardo;Rodríguez
455;seidel;\N;Wolfgang;Seidel
456;salvadori;\N;Roy;Salvadori
457;pon;\N;Ben;Pon
458;slotemaker;\N;Rob;Slotemaker
459;marsh;\N;Tony;Marsh
460;ashmore;\N;Gerry;Ashmore
461;schiller;\N;Heinz;Schiller
462;davis;\N;Colin;Davis
463;chamberlain;\N;Jay;Chamberlain
464;shelly;\N;Tony;Shelly
465;greene;\N;Keith;Greene
466;walter;\N;Heini;Walter
467;prinoth;\N;Ernesto;Prinoth
468;penske;\N;Roger;Penske
469;schroeder;\N;Rob;Schroeder
470;mayer;\N;Timmy;Mayer
471;johnstone;\N;Bruce;Johnstone
472;harris;\N;Mike;Harris
473;hocking;\N;Gary;Hocking
474;vyver;\N;Syd;van der Vyver
475;moss;\N;Stirling;Moss
476;trips;\N;Wolfgang;von Trips
477;allison;\N;Cliff;Allison
478;herrmann;\N;Hans;Herrmann
479;brooks;\N;Tony;Brooks
480;may;\N;Michael;May
481;henry_taylor;\N;Henry;Taylor
482;gendebien;\N;Olivier;Gendebien
483;scarlatti;\N;Giorgio;Scarlatti
484;naylor;\N;Brian;Naylor
485;bordeu;\N;Juan Manuel;Bordeu
486;fairman;\N;Jack;Fairman
487;natili;\N;Massimo;Natili
488;monteverdi;\N;Peter;Monteverdi
489;pirocchi;\N;Renato;Pirocchi
490;duke;\N;Geoff;Duke
491;thiele;\N;Alfonso;Thiele
492;boffa;\N;Menato;Boffa
493;ryan;\N;Peter;Ryan
494;ruby;\N;Lloyd;Ruby
495;ken_miles;\N;Ken;Miles
496;menditeguy;\N;Carlos;Menditeguy
497;larreta;\N;Alberto Rodriguez;Larreta
498;gonzalez;\N;José Froilán;González
499;bonomi;\N;Roberto;Bonomi
500;munaron;\N;Gino;Munaron
501;schell;\N;Harry;Schell
502;stacey;\N;Alan;Stacey
503;chimeri;\N;Ettore;Chimeri
504;creus;\N;Antonio;Creus
505;bristow;\N;Chris;Bristow
506;halford;\N;Bruce;Halford
507;daigh;\N;Chuck;Daigh
508;reventlow;\N;Lance;Reventlow
509;rathmann;\N;Jim;Rathmann
510;goldsmith;\N;Paul;Goldsmith
511;branson;\N;Don;Branson
512;thomson;\N;Johnny;Thomson
513;johnson;\N;Eddie;Johnson
514;veith;\N;Bob;Veith
515;tingelstad;\N;Bud;Tingelstad
516;christie;\N;Bob;Christie
517;amick;\N;Red;Amick
518;darter;\N;Duane;Carter
519;homeier;\N;Bill;Homeier
520;hartley;\N;Gene;Hartley
521;stevenson;\N;Chuck;Stevenson
522;grim;\N;Bobby;Grim
523;templeman;\N;Shorty;Templeman
524;hurtubise;\N;Jim;Hurtubise
525;bryan;\N;Jimmy;Bryan
526;ruttman;\N;Troy;Ruttman
527;sachs;\N;Eddie;Sachs
528;freeland;\N;Don;Freeland
529;bettenhausen;\N;Tony;Bettenhausen
530;weiler;\N;Wayne;Weiler
531;foyt;\N;Anthony;Foyt
532;russo;\N;Eddie;Russo
533;boyd;\N;Johnny;Boyd
534;force;\N;Gene;Force
535;mcwithey;\N;Jim;McWithey
536;sutton;\N;Len;Sutton
537;dick_rathmann;\N;Dick;Rathmann
538;herman;\N;Al;Herman
539;dempsey_wilson;\N;Dempsey;Wilson
540;mike_taylor;\N;Mike;Taylor
541;flockhart;\N;Ron;Flockhart
542;piper;\N;David;Piper
543;cabianca;\N;Giulio;Cabianca
544;drogo;\N;Piero;Drogo
545;gamble;\N;Fred;Gamble
546;owen;\N;Arthur;Owen
547;gould;\N;Horace;Gould
548;drake;\N;Bob;Drake
549;bueb;\N;Ivor;Bueb
550;Changy;\N;Alain;de Changy
551;filippis;\N;Maria;de Filippis
552;lucienbonnet;\N;Jean;Lucienbonnet
553;testut;\N;André;Testut
554;behra;\N;Jean;Behra
555;paul_russo;\N;Paul;Russo
556;daywalt;\N;Jimmy;Daywalt
557;arnold;\N;Chuck;Arnold
558;keller;\N;Al;Keller
559;flaherty;\N;Pat;Flaherty
560;cheesbourg;\N;Bill;Cheesbourg
561;ray_crawford;\N;Ray;Crawford
562;turner;\N;Jack;Turner
563;weyant;\N;Chuck;Weyant
564;larson;\N;Jud;Larson
565;magill;\N;Mike;Magill
566;shelby;\N;Carroll;Shelby
567;orey;\N;Fritz;d'Orey
568;fontes;\N;Azdrubal;Fontes
569;ashdown;\N;Peter;Ashdown
570;bill_moss;\N;Bill;Moss
571;dennis_taylor;\N;Dennis;Taylor
572;blanchard;\N;Harry;Blanchard
573;tomaso;\N;Alessandro;de Tomaso
574;constantine;\N;George;Constantine
575;said;\N;Bob;Said
576;cade;\N;Phil;Cade
577;musso;\N;Luigi;Musso
578;hawthorn;\N;Mike;Hawthorn
579;fangio;\N;Juan;Fangio
580;godia;\N;Paco;Godia
581;collins;\N;Peter;Collins
582;kavanagh;\N;Ken;Kavanagh
583;gerini;\N;Gerino;Gerini
584;kessler;\N;Bruce;Kessler
585;emery;\N;Paul;Emery
586;piotti;\N;Luigi;Piotti
587;ecclestone;\N;Bernie;Ecclestone
588;taramazzo;\N;Luigi;Taramazzo
589;chiron;\N;Louis;Chiron
590;lewis-evans;\N;Stuart;Lewis-Evans
591;george_amick;\N;George;Amick
592;reece;\N;Jimmy;Reece
593;parsons;\N;Johnnie;Parsons
594;tolan;\N;Johnnie;Tolan
595;garrett;\N;Billy;Garrett
596;elisian;\N;Ed;Elisian
597;connor;\N;Pat;O'Connor
598;jerry_unser;\N;Jerry;Unser
599;bisch;\N;Art;Bisch
600;goethals;\N;Christian;Goethals
601;gibson;\N;Dick;Gibson
602;la_caze;\N;Robert;La Caze
603;guelfi;\N;André;Guelfi
604;picard;\N;François;Picard
605;bridger;\N;Tom;Bridger
606;portago;\N;Alfonso;de Portago
607;perdisa;\N;Cesare;Perdisa
608;castellotti;\N;Eugenio;Castellotti
609;simon;\N;André;Simon
610;leston;\N;Les;Leston
611;hanks;\N;Sam;Hanks
612;linden;\N;Andy;Linden
613;teague;\N;Marshall;Teague
614;edmunds;\N;Don;Edmunds
615;agabashian;\N;Fred;Agabashian
616;george;\N;Elmer;George
617;macdowel;\N;Mike;MacDowel
618;mackay-fraser;\N;Herbert;MacKay-Fraser
619;gerard;\N;Bob;Gerard
620;maglioli;\N;Umberto;Maglioli
621;england;\N;Paul;England
622;landi;\N;Chico;Landi
623;uria;\N;Alberto;Uria
624;ramos;\N;Hernando;da Silva Ramos
625;bayol;\N;Élie;Bayol
626;manzon;\N;Robert;Manzon
627;rosier;\N;Louis;Rosier
628;sweikert;\N;Bob;Sweikert
629;griffith;\N;Cliff;Griffith
630;dinsmore;\N;Duke;Dinsmore
631;andrews;\N;Keith;Andrews
632;frere;\N;Paul;Frère
633;villoresi;\N;Luigi;Villoresi
634;scotti;\N;Piero;Scotti
635;chapman;\N;Colin;Chapman
636;titterington;\N;Desmond;Titterington
637;scott_Brown;\N;Archie;Scott Brown
638;volonterio;\N;Ottorino;Volonterio
639;milhoux;\N;André;Milhoux
640;graffenried;\N;Toulo;de Graffenried
641;taruffi;\N;Piero;Taruffi
642;farina;\N;Nino;Farina
643;mieres;\N;Roberto;Mieres
644;mantovani;\N;Sergio;Mantovani
645;bucci;\N;Clemar;Bucci
646;iglesias;\N;Jesús;Iglesias
647;ascari;\N;Alberto;Ascari
648;kling;\N;Karl;Kling
649;birger;\N;Pablo;Birger
650;pollet;\N;Jacques;Pollet
651;macklin;\N;Lance;Macklin
652;whiteaway;\N;Ted;Whiteaway
653;davies;\N;Jimmy;Davies
654;faulkner;\N;Walt;Faulkner
655;niday;\N;Cal;Niday
656;cross;\N;Art;Cross
657;vukovich;\N;Bill;Vukovich
658;mcgrath;\N;Jack;McGrath
659;hoyt;\N;Jerry;Hoyt
660;claes;\N;Johnny;Claes
661;peter_walker;\N;Peter;Walker
662;sparken;\N;Mike;Sparken
663;wharton;\N;Ken;Wharton
664;mcalpine;\N;Kenneth;McAlpine
665;marr;\N;Leslie;Marr
666;rolt;\N;Tony;Rolt
667;fitch;\N;John;Fitch
668;lucas;\N;Jean;Lucas
669;bira;\N;Prince;Bira
670;marimon;\N;Onofre;Marimón
671;loyer;\N;Roger;Loyer
672;daponte;\N;Jorge;Daponte
673;nazaruk;\N;Mike;Nazaruk
674;crockett;\N;Larry;Crockett
675;ayulo;\N;Manny;Ayulo
676;armi;\N;Frank;Armi
677;webb;\N;Travis;Webb
678;duncan;\N;Len;Duncan
679;mccoy;\N;Ernie;McCoy
680;swaters;\N;Jacques;Swaters
681;georges_berger;\N;Georges;Berger
682;beauman;\N;Don;Beauman
683;thorne;\N;Leslie;Thorne
684;whitehouse;\N;Bill;Whitehouse
685;riseley_prichard;\N;John;Riseley-Prichard
686;reg_parnell;\N;Reg;Parnell
687;whitehead;\N;Peter;Whitehead
688;brandon;\N;Eric;Brandon
689;alan_brown;\N;Alan;Brown
690;nuckey;\N;Rodney;Nuckey
691;lang;\N;Hermann;Lang
692;helfrich;\N;Theo;Helfrich
693;wacker;\N;Fred;Wacker
694;riu;\N;Giovanni;de Riu
695;galvez;\N;Oscar;Gálvez
696;john_barber;\N;John;Barber
697;bonetto;\N;Felice;Bonetto
698;cruz;\N;Adolfo;Cruz
699;nalon;\N;Duke;Nalon
700;scarborough;\N;Carl;Scarborough
701;holland;\N;Bill;Holland
702;bob_scott;\N;Bob;Scott
703;legat;\N;Arthur;Legat
704;cabantous;\N;Yves;Cabantous
705;crook;\N;Tony;Crook
706;jimmy_stewart;\N;Jimmy;Stewart
707;ian_stewart;\N;Ian;Stewart
708;duncan_hamilton;\N;Duncan;Hamilton
709;klodwig;\N;Ernst;Klodwig
710;krause;\N;Rudolf;Krause
711;karch;\N;Oswald;Karch
712;heeks;\N;Willi;Heeks
713;fitzau;\N;Theo;Fitzau
714;adolff;\N;Kurt;Adolff
715;bechem;\N;Günther;Bechem
716;bauer;\N;Erwin;Bauer
717;hans_stuck;\N;Hans;von Stuck
718;loof;\N;Ernst;Loof
719;scherrer;\N;Albert;Scherrer
720;terra;\N;Max;de Terra
721;hirt;\N;Peter;Hirt
722;carini;\N;Piero;Carini
723;fischer;\N;Rudi;Fischer
724;ulmen;\N;Toni;Ulmen
725;abecassis;\N;George;Abecassis
726;george_connor;\N;George;Connor
727;rigsby;\N;Jim;Rigsby
728;james;\N;Joe;James
729;schindler;\N;Bill;Schindler
730;fonder;\N;George;Fonder
731;banks;\N;Henry;Banks
732;mcdowell;\N;Johnny;McDowell
733;miller;\N;Chet;Miller
734;ball;\N;Bobby;Ball
735;tornaco;\N;Charles;de Tornaco
736;laurent;\N;Roger;Laurent
737;obrien;\N;Robert;O'Brien
738;gaze;\N;Tony;Gaze
739;charrington;\N;Robin;Montgomerie-Charrington
740;comotti;\N;Franco;Comotti
741;etancelin;\N;Philippe;Étancelin
742;poore;\N;Dennis;Poore
743;thompson;\N;Eric;Thompson
744;downing;\N;Ken;Downing
745;graham_whitehead;\N;Graham;Whitehead
746;bianco;\N;Gino;Bianco
747;murray;\N;David;Murray
748;cantoni;\N;Eitel;Cantoni
749;aston;\N;Bill;Aston
750;brudes;\N;Adolf;Brudes
751;riess;\N;Fritz;Riess
752;niedermayr;\N;Helmut;Niedermayr
753;klenk;\N;Hans;Klenk
754;balsa;\N;Marcel;Balsa
755;schoeller;\N;Rudolf;Schoeller
756;pietsch;\N;Paul;Pietsch
757;peters;\N;Josef;Peters
758;lof;\N;Dries;van der Lof
759;flinterman;\N;Jan;Flinterman
760;dusio;\N;Piero;Dusio
761;crespo;\N;Alberto;Crespo
762;rol;\N;Franco;Rol
763;sanesi;\N;Consalvo;Sanesi
764;guy_mairesse;\N;Guy;Mairesse
765;louveau;\N;Henri;Louveau
766;wallard;\N;Lee;Wallard
767;forberg;\N;Carl;Forberg
768;rose;\N;Mauri;Rose
769;mackey;\N;Bill;Mackey
770;green;\N;Cecil;Green
771;walt_brown;\N;Walt;Brown
772;hellings;\N;Mack;Hellings
773;levegh;\N;Pierre;Levegh
774;chaboud;\N;Eugène;Chaboud
775;gordini;\N;Aldo;Gordini
776;kelly;\N;Joe;Kelly
777;parker;\N;Philip;Fotheringham-Parker
778;shawe_taylor;\N;Brian;Shawe Taylor
779;john_james;\N;John;James
780;branca;\N;Toni;Branca
781;richardson;\N;Ken;Richardson
782;jover;\N;Juan;Jover
783;grignard;\N;Georges;Grignard
784;hampshire;\N;David;Hampshire
785;crossley;\N;Geoff;Crossley
786;fagioli;\N;Luigi;Fagioli
787;harrison;\N;Cuth;Harrison
788;fry;\N;Joe;Fry
789;martin;\N;Eugène;Martin
790;leslie_johnson;\N;Leslie;Johnson
791;biondetti;\N;Clemente;Biondetti
792;pian;\N;Alfredo;Pián
793;sommer;\N;Raymond;Sommer
794;chitwood;\N;Joie;Chitwood
795;fohr;\N;Myron;Fohr
796;ader;\N;Walt;Ader
797;holmes;\N;Jackie;Holmes
798;levrett;\N;Bayliss;Levrett
799;jackson;\N;Jimmy;Jackson
800;pagani;\N;Nello;Pagani
801;pozzi;\N;Charles;Pozzi
802;serafini;\N;Dorino;Serafini
803;cantrell;\N;Bill;Cantrell
804;mantz;\N;Johnny;Mantz
805;kladis;\N;Danny;Kladis
806;oscar_gonzalez;\N;Óscar;González
807;hulkenberg;HUL;Nico;Hülkenberg
808;petrov;PET;Vitaly;Petrov
810;grassi;DIG;Lucas;di Grassi
811;bruno_senna;SEN;Bruno;Senna
812;chandhok;CHA;Karun;Chandhok
813;maldonado;MAL;Pastor;Maldonado
814;resta;DIR;Paul;di Resta
815;perez;PER;Sergio;Pérez
816;ambrosio;DAM;Jérôme;d'Ambrosio
817;ricciardo;RIC;Daniel;Ricciardo
818;vergne;VER;Jean-Éric;Vergne
819;pic;PIC;Charles;Pic
820;chilton;CHI;Max;Chilton
821;gutierrez;GUT;Esteban;Gutiérrez
822;bottas;BOT;Valtteri;Bottas
823;garde;VDG;Giedo;van der Garde
824;jules_bianchi;BIA;Jules;Bianchi
825;kevin_magnussen;MAG;Kevin;Magnussen
826;kvyat;KVY;Daniil;Kvyat
827;lotterer;LOT;André;Lotterer
828;ericsson;ERI;Marcus;Ericsson
829;stevens;STE;Will;Stevens
830;max_verstappen;VER;Max;Verstappen
831;nasr;NAS;Felipe;Nasr
832;sainz;SAI;Carlos;Sainz
833;merhi;MER;Roberto;Merhi
834;rossi;RSS;Alexander;Rossi
835;jolyon_palmer;PAL;Jolyon;Palmer
836;wehrlein;WEH;Pascal;Wehrlein
837;haryanto;HAR;Rio;Haryanto
838;vandoorne;VAN;Stoffel;Vandoorne
839;ocon;OCO;Esteban;Ocon
840;stroll;STR;Lance;Stroll
841;giovinazzi;GIO;Antonio;Giovinazzi
843;brendon_hartley;HAR;Brendon;Hartley
844;leclerc;LEC;Charles;Leclerc
845;sirotkin;SIR;Sergey;Sirotkin
846;norris;NOR;Lando;Norris
847;russell;RUS;George;Russell
848;albon;ALB;Alexander;Albon
849;latifi;LAT;Nicholas;Latifi
850;pietro_fittipaldi;FIT;Pietro;Fittipaldi
851;aitken;AIT;Jack;Aitken
852;tsunoda;TSU;Yuki;Tsunoda
853;mazepin;MAZ;Nikita;Mazepin
854;mick_schumacher;MSC;Mick;Schumacher
855;zhou;ZHO;Guanyu;Zhou
856;de_vries;DEV;Nyck;de Vries